Identification Number,First Name,Last Name,Email,Course,Level
2000012345,Juan,Santos,juan.santos123@gmail.com,ACT,2
2000023456,Maria,Garcia,maria.garcia456@yahoo.com,BSCS,4
2000034567,Jose,Cruz,jose.cruz789@hotmail.com,BSENTREP,1
2000045678,Ana,Reyes,ana.reyes234@outlook.com,BSAIS,3
2000056789,Pedro,Torres,pedro.torres567@yahoo.com.ph,ACT,2
2000067890,Sofia,Perez,sofia.perez890@icloud.com,BSCS,4
2000078901,Diego,Lopez,diego.lopez123@aol.com,BSENTREP,1
2000089012,Carmen,Dela Cruz,carmen.delacruz456@gmail.com,BSAIS,3
2000090123,Joaquin,Rodriguez,joaquin.rodriguez789@yahoo.com.ph,ACT,2
2000101234,Luz,Martinez,luz.martinez012@outlook.com,BSCS,4
2000112345,Miguel,Gonzalez,miguel.gonzalez345@hotmail.com,BSENTREP,1
2000123456,Rosa,Fernandez,rosa.fernandez678@yahoo.com,BSAIS,3
2000134567,Carlos,Gomez,carlos.gomez890@gmail.com,ACT,2
2000145678,Isabella,Diaz,isabella.diaz123@yahoo.com,BSCS,4
2000156789,Manuel,Hernandez,manuel.hernandez456@hotmail.com,BSENTREP,1
2000167890,Aurora,Lopez,aurora.lopez789@outlook.com,BSAIS,3
2000178901,Ricardo,Martinez,ricardo.martinez012@yahoo.com.ph,ACT,2
2000189012,Elena,Torres,elena.torres345@icloud.com,BSCS,4
2000190123,Felipe,Garcia,felipe.garcia678@aol.com,BSENTREP,1
2000201234,Julia,Reyes,julia.reyes901@gmail.com,BSAIS,3
2000212345,Alejandro,Perez,alejandro.perez234@yahoo.com.ph,ACT,2
2000223456,Camila,Rivera,camila.rivera567@outlook.com,BSCS,4
2000234567,Diego,Sanchez,diego.sanchez890@hotmail.com,BSENTREP,1
2000245678,Valentina,Dominguez,valentina.dominguez123@yahoo.com,BSAIS,3
2000256789,Mateo,Castillo,mateo.castillo456@gmail.com,ACT,2
2000267890,Adriana,Ortega,adriana.ortega789@yahoo.com,BSCS,4
2000278901,Javier,Vargas,javier.vargas012@hotmail.com,BSENTREP,1
2000289012,Lucia,Jimenez,lucia.jimenez345@outlook.com,BSAIS,3
2000290123,Carlos,Moreno,carlos.moreno678@yahoo.com.ph,ACT,2
2000301234,Elena,Gutierrez,elena.gutierrez901@icloud.com,BSCS,4
2000312345,Santiago,Ruiz,santiago.ruiz234@aol.com,BSENTREP,1
2000323456,Isabel,Mendoza,isabel.mendoza567@gmail.com,BSAIS,3
2000334567,Gustavo,Navarro,gustavo.navarro890@yahoo.com.ph,ACT,2
2000345678,Valeria,Alvarez,valeria.alvarez123@outlook.com,BSCS,4
2000356789,Marcelo,Herrera,marcelo.herrera456@hotmail.com,BSENTREP,1
2000367890,Ana,Castro,ana.castro789@yahoo.com,BSAIS,3
2000378901,Juliana,Flores,juliana.flores012@gmail.com,ACT,2
2000389012,Mariano,Vasquez,mariano.vasquez345@yahoo.com.ph,BSCS,4
2000390123,Antonia,Ramos,antonia.ramos678@icloud.com,BSENTREP,1
2000401234,Maximiliano,Fuentes,maximiliano.fuentes901@aol.com,BSAIS,3
2000412345,Ines,Reyes,ines.reyes234@hotmail.com,ACT,2
2000423456,Agustin,Gomez,agustin.gomez567@yahoo.com,BSCS,4
2000434567,Fernanda,Diaz,fernanda.diaz890@outlook.com,BSENTREP,1
2000445678,Hector,Hernandez,hector.hernandez123@yahoo.com.ph,BSAIS,3
2000456789,Marta,Lopez,marta.lopez456@gmail.com,ACT,2
2000467890,Salvador,Martinez,salvador.martinez789@yahoo.com,BSCS,4
2000478901,Gabriela,Sanchez,gabriela.sanchez012@hotmail.com,BSENTREP,1
2000489012,Esteban,Perez,esteban.perez345@outlook.com,BSAIS,3
2000490123,Catalina,Gonzalez,catalina.gonzalez678@yahoo.com.ph,ACT,2
2000501234,Jorge,Torres,jorge.torres901@icloud.com,BSCS,4
2000512345,Lorena,Rivera,lorena.rivera234@aol.com,BSENTREP,1
2000523456,Raul,Dominguez,raul.dominguez567@yahoo.com,BSAIS,3
2000534567,Martina,Reyes,martina.reyes890@hotmail.com,ACT,2
2000545678,Arturo,Alvarez,arturo.alvarez123@yahoo.com.ph,BSCS,4
2000556789,Clara,Herrera,clara.herrera456@outlook.com,BSENTREP,1
2000567890,Leonardo,Castro,leonardo.castro789@gmail.com,BSAIS,3
2000578901,Camila,Flores,camila.flores012@yahoo.com.ph,ACT,2
2000589012,Emilio,Vasquez,emilio.vasquez345@icloud.com,BSCS,4
2000590123,Alicia,Ramos,alicia.ramos678@aol.com,BSENTREP,1
2000601234,Sergio,Fuentes,sergio.fuentes901@hotmail.com,BSAIS,3
2000612345,Laura,Reyes,laura.reyes234@gmail.com,ACT,2
2000623456,Roberto,Gomez,roberto.gomez567@yahoo.com,BSCS,4
2000634567,Clara,Diaz,clara.diaz890@outlook.com,BSENTREP,1
2000645678,Javier,Hernandez,javier.hernandez123@yahoo.com.ph,BSAIS,3
2000656789,Ana,Lopez,ana.lopez456@gmail.com,ACT,2
2000667890,Diego,Martinez,diego.martinez789@yahoo.com,BSCS,4
2000678901,Valentina,Sanchez,valentina.sanchez012@hotmail.com,BSENTREP,1
2000689012,Carlos,Perez,carlos.perez345@outlook.com,BSAIS,3
2000690123,Isabella,Gonzalez,isabella.gonzalez678@yahoo.com.ph,ACT,2
2000701234,Gabriel,Torres,gabriel.torres901@icloud.com,BSCS,4
2000712345,Aurora,Rivera,aurora.rivera234@aol.com,BSENTREP,1
2000723456,Martin,Dominguez,martin.dominguez567@yahoo.com,BSAIS,3
2000734567,Luis,Reyes,luis.reyes890@hotmail.com,ACT,2
2000745678,Ana,Alvarez,ana.alvarez123@yahoo.com.ph,BSCS,4
2000756789,Diego,Herrera,diego.herrera456@outlook.com,BSENTREP,1
2000767890,Sofia,Castro,sofia.castro789@yahoo.com,BSAIS,3
2000778901,Joaquin,Flores,joaquin.flores012@gmail.com,ACT,2
2000789012,Maria,Vasquez,maria.vasquez345@yahoo.com.ph,BSCS,4
2000790123,Juan,Ramos,juan.ramos678@icloud.com,BSENTREP,1
2000801234,Valeria,Fuentes,valeria.fuentes901@aol.com,BSAIS,3
2000812345,Mateo,Reyes,mateo.reyes234@gmail.com,ACT,2
2000823456,Adriana,Gomez,adriana.gomez567@yahoo.com,BSCS,4
2000834567,Javier,Diaz,javier.diaz890@hotmail.com,BSENTREP,1
2000845678,Lucia,Hernandez,lucia.hernandez123@outlook.com,BSAIS,3
2000856789,Carlos,Martinez,carlos.martinez456@yahoo.com.ph,ACT,2
2000867890,Elena,Torres,elena.torres789@icloud.com,BSCS,4
2000878901,Felipe,Sanchez,felipe.sanchez012@aol.com,BSENTREP,1
2000889012,Julia,Gonzalez,julia.gonzalez345@yahoo.com,BSAIS,3
2000890123,Alejandro,Lopez,alejandro.lopez678@yahoo.com.ph,ACT,2
2000901234,Camila,Castro,camila.castro901@outlook.com,BSCS,4
2000912345,Diego,Flores,diego.flores234@gmail.com,BSENTREP,1
2000923456,Valentina,Dominguez,valentina.dominguez567@yahoo.com,BSAIS,3
2000934567,Marta,Reyes,marta.reyes890@hotmail.com,ACT,2
2000945678,Salvador,Gomez,salvador.gomez123@yahoo.com.ph,BSCS,4
2000956789,Gabriela,Diaz,gabriela.diaz456@icloud.com,BSENTREP,1
2000967890,Esteban,Hernandez,esteban.hernandez789@aol.com,BSAIS,3
2000978901,Catalina,Martinez,catalina.martinez012@gmail.com,ACT,2
2000989012,Jorge,Torres,jorge.torres345@yahoo.com.ph,BSCS,4
2000990123,Lorena,Gonzalez,lorena.gonzalez678@outlook.com,BSENTREP,1
2001001234,Diego,Herrera,diego.herrera901@gmail.com,BSAIS,3
2001002345,Emilio,Santos,emilio.santos234@gmail.com,ACT,2
2001003456,Carmela,Garcia,carmela.garcia567@yahoo.com,BSCS,4
2001004567,Ramon,Cruz,ramon.cruz890@hotmail.com,BSENTREP,1
2001005678,Rosario,Reyes,rosario.reyes123@outlook.com,BSAIS,3
2001006789,Leon,Torres,leon.torres456@yahoo.com.ph,ACT,2
2001007890,Anita,Perez,anita.perez789@icloud.com,BSCS,4
2001008901,Pablo,Lopez,pablo.lopez012@aol.com,BSENTREP,1
2001009012,Flor,Dela Cruz,flor.delacruz345@gmail.com,BSAIS,3
2001010123,Romeo,Rodriguez,romeo.rodriguez678@yahoo.com.ph,ACT,2
2001011234,Lucinda,Martinez,lucinda.martinez901@outlook.com,BSCS,4
2001012345,Leopoldo,Gonzalez,leopoldo.gonzalez234@hotmail.com,BSENTREP,1
2001013456,Concepcion,Fernandez,concepcion.fernandez567@yahoo.com,BSAIS,3
2001014567,Hermogenes,Santos,hermogenes.santos890@gmail.com,ACT,2
2001015678,Socorro,Garcia,socorro.garcia123@yahoo.com,BSCS,4
2001016789,Feliciano,Cruz,feliciano.cruz456@hotmail.com,BSENTREP,1
2001017890,Trinidad,Reyes,trinidad.reyes789@outlook.com,BSAIS,3
2001018901,Federico,Torres,federico.torres012@yahoo.com.ph,ACT,2
2001019012,Epifania,Perez,epifania.perez345@icloud.com,BSCS,4
2001020123,Perla,Lopez,perla.lopez678@aol.com,BSENTREP,1
2001021234,Rufino,Dela Cruz,rufino.delacruz901@gmail.com,BSAIS,3
2001022345,Milagros,Rodriguez,milagros.rodriguez234@yahoo.com.ph,ACT,2
2001023456,Eleuterio,Martinez,eleuterio.martinez567@outlook.com,BSCS,4
2001024567,Eufemia,Gonzalez,eufemia.gonzalez890@hotmail.com,BSENTREP,1
2001025678,Amado,Fernandez,amado.fernandez123@yahoo.com,BSAIS,3
2001026789,Severino,Santos,severino.santos456@gmail.com,ACT,2
2001027890,Natividad,Garcia,natividad.garcia789@yahoo.com,BSCS,4
2001028901,Estanislao,Cruz,estanislao.cruz012@hotmail.com,BSENTREP,1
2001029012,Magdalena,Reyes,magdalena.reyes345@outlook.com,BSAIS,3
2001030123,Cresencio,Torres,cresencio.torres678@yahoo.com.ph,ACT,2
2001031234,Luningning,Perez,luningning.perez901@icloud.com,BSCS,4
2001032345,Efren,Lopez,efren.lopez234@aol.com,BSENTREP,1
2001033456,Aurora,Dela Cruz,aurora.delacruz567@gmail.com,BSAIS,3
2001034567,Luisito,Rodriguez,luisito.rodriguez890@yahoo.com.ph,ACT,2
2001035678,Rosita,Martinez,rosita.martinez123@outlook.com,BSCS,4
2001036789,Carmelo,Gonzalez,carmelo.gonzalez456@hotmail.com,BSENTREP,1
2001037890,Eustaquia,Fernandez,eustaquia.fernandez789@yahoo.com,BSAIS,3
2001038901,Balbino,Santos,balbino.santos012@gmail.com,ACT,2
2001039012,Luningning,Garcia,luningning.garcia345@yahoo.com,BSCS,4
2001040123,Roberto,Cruz,roberto.cruz678@hotmail.com,BSENTREP,1
2001041234,Corazon,Reyes,corazon.reyes901@outlook.com,BSAIS,3
2001042345,Dante,Torres,dante.torres234@yahoo.com.ph,ACT,2
2001043456,Inocencia,Perez,inocencia.perez567@icloud.com,BSCS,4
2001044567,Loreto,Lopez,loreto.lopez890@aol.com,BSENTREP,1
2001045678,Clotilde,Dela Cruz,clotilde.delacruz123@gmail.com,BSAIS,3
2001046789,Justo,Rodriguez,justo.rodriguez456@yahoo.com.ph,ACT,2
2001047890,Clarita,Martinez,clarita.martinez789@outlook.com,BSCS,4
2001048901,Domingo,Gonzalez,domingo.gonzalez012@hotmail.com,BSENTREP,1
2001049012,Petra,Fernandez,petra.fernandez345@yahoo.com,BSAIS,3
2001050123,Arsenio,Santos,arsenio.santos678@gmail.com,ACT,2
2001051234,Gertrudes,Garcia,gertrudes.garcia901@yahoo.com,BSCS,4
2001052345,Hermogenes,Cruz,hermogenes.cruz234@hotmail.com,BSENTREP,1
2001053456,Benilda,Reyes,benilda.reyes567@outlook.com,BSAIS,3
2001054567,Pedrito,Torres,pedrito.torres890@yahoo.com.ph,ACT,2
2001055678,Salome,Perez,salome.perez123@icloud.com,BSCS,4
2001056789,Nestor,Lopez,nestor.lopez456@aol.com,BSENTREP,1
2001057890,Isidro,Dela Cruz,isidro.delacruz789@gmail.com,BSAIS,3
2001058901,Elisa,Rodriguez,elisa.rodriguez012@yahoo.com.ph,ACT,2
2001059012,Celestino,Martinez,celestino.martinez345@outlook.com,BSCS,4
2001060123,Amelia,Gonzalez,amelia.gonzalez678@hotmail.com,BSENTREP,1
2001061234,Conrado,Fernandez,conrado.fernandez901@yahoo.com,BSAIS,3
2001062345,Carlo,Santos,carlo.santos234@gmail.com,ACT,2
2001063456,Eloisa,Garcia,eloisa.garcia567@yahoo.com,BSCS,4
2001064567,Arcadio,Cruz,arcadio.cruz890@hotmail.com,BSENTREP,1
2001065678,Adela,Reyes,adela.reyes123@outlook.com,BSAIS,3
2001066789,Armando,Torres,armando.torres456@yahoo.com.ph,ACT,2
2001067890,Trinidad,Perez,trinidad.perez789@icloud.com,BSCS,4
2001068901,Lamberto,Lopez,lamberto.lopez012@aol.com,BSENTREP,1
2001069012,Ernestina,Dela Cruz,ernestina.delacruz345@gmail.com,BSAIS,3
2001070123,Elpidio,Rodriguez,elpidio.rodriguez678@yahoo.com.ph,ACT,2
2001071234,Encarnacion,Martinez,encarnacion.martinez901@outlook.com,BSCS,4
2001072345,Bienvenido,Gonzalez,bienvenido.gonzalez234@hotmail.com,BSENTREP,1
2001073456,Rosalia,Fernandez,rosalia.fernandez567@yahoo.com,BSAIS,3
2001074567,Faustino,Santos,faustino.santos890@hotmail.com,ACT,2
2001075678,Benjamin,Garcia,benjamin.garcia123@yahoo.com.ph,BSCS,4
2001076789,Adelaida,Cruz,adelaida.cruz456@outlook.com,BSENTREP,1
2001077890,Ismael,Reyes,ismael.reyes789@aol.com,BSAIS,3
2001078901,Constancio,Torres,constancio.torres012@gmail.com,ACT,2
2001079012,Angelita,Perez,angelita.perez345@yahoo.com,BSCS,4
2001080123,Marcial,Lopez,marcial.lopez678@yahoo.com.ph,BSENTREP,1
2001081234,Filomena,Dela Cruz,filomena.delacruz901@hotmail.com,BSAIS,3
2001082345,Rogelio,Rodriguez,rogelio.rodriguez234@outlook.com,ACT,2
2001083456,Casimira,Martinez,casimira.martinez567@icloud.com,BSCS,4
2001084567,Jacinto,Gonzalez,jacinto.gonzalez890@aol.com,BSENTREP,1
2001085678,Clemente,Fernandez,clemente.fernandez123@yahoo.com,BSAIS,3
2001086789,Elpidia,Santos,elpidia.santos456@gmail.com,ACT,2
2001087890,Virgilio,Garcia,virgilio.garcia789@yahoo.com,BSCS,4
2001088901,Salvacion,Cruz,salvacion.cruz012@hotmail.com,BSENTREP,1
2001089012,Apolinario,Reyes,apolinario.reyes345@outlook.com,BSAIS,3
2001090123,Aurelia,Torres,aurelia.torres678@yahoo.com.ph,ACT,2
2001091234,Ariston,Perez,ariston.perez901@icloud.com,BSCS,4
2001092345,Epifanio,Lopez,epifanio.lopez234@aol.com,BSENTREP,1
2001093456,Filipina,Dela Cruz,filipina.delacruz567@gmail.com,BSAIS,3
2001094567,Lamberto,Rodriguez,lamberto.rodriguez890@yahoo.com.ph,ACT,2
2001095678,Asuncion,Martinez,asuncion.martinez123@outlook.com,BSCS,4
2001096789,Eduardo,Gonzalez,eduardo.gonzalez456@hotmail.com,BSENTREP,1
2001097890,Estrella,Fernandez,estrella.fernandez789@yahoo.com,BSAIS,3
2001098901,Isidoro,Santos,isidoro.santos012@hotmail.com,ACT,2
2001099012,Socorro,Garcia,socorro.garcia345@yahoo.com,BSCS,4
2001100123,Vicente,Cruz,vicente.cruz678@outlook.com,BSENTREP,1
2001101234,Primitivo,Reyes,primitivo.reyes901@gmail.com,BSAIS,3
